[
    {
        "id": 1,
        "name": "Afghanistan",
        "iso": "AF",
        "phone_prefix_code": "+93"
    },
    {
        "id": 2,
        "name": "Aland Islands",
        "iso": "AX",
        "phone_prefix_code": "+35818"
    },
    {
        "id": 3,
        "name": "Albania",
        "iso": "AL",
        "phone_prefix_code": "+355"
    },
    {
        "id": 4,
        "name": "Algeria",
        "iso": "DZ",
        "phone_prefix_code": "+213"
    },
    {
        "id": 5,
        "name": "American Samoa",
        "iso": "AS",
        "phone_prefix_code": "+1684"
    },
    {
        "id": 6,
        "name": "Andorra",
        "iso": "AD",
        "phone_prefix_code": "+376"
    },
    {
        "id": 7,
        "name": "Angola",
        "iso": "AO",
        "phone_prefix_code": "+244"
    },
    {
        "id": 8,
        "name": "Anguilla",
        "iso": "AI",
        "phone_prefix_code": "+1264"
    },
    {
        "id": 9,
        "name": "Antarctica",
        "iso": "AQ",
        "phone_prefix_code": "+54"
    },
    {
        "id": 10,
        "name": "Antigua And Barbuda",
        "iso": "AG",
        "phone_prefix_code": "+1268"
    },
    {
        "id": 11,
        "name": "Argentina",
        "iso": "AR",
        "phone_prefix_code": "+54"
    },
    {
        "id": 12,
        "name": "Armenia",
        "iso": "AM",
        "phone_prefix_code": "+374"
    },
    {
        "id": 13,
        "name": "Aruba",
        "iso": "AW",
        "phone_prefix_code": "+297"
    },
    {
        "id": 14,
        "name": "Australia",
        "iso": "AU",
        "phone_prefix_code": "+61"
    },
    {
        "id": 15,
        "name": "Austria",
        "iso": "AT",
        "phone_prefix_code": "+43"
    },
    {
        "id": 16,
        "name": "Azerbaijan",
        "iso": "AZ",
        "phone_prefix_code": "+994"
    },
    {
        "id": 17,
        "name": "The Bahamas",
        "iso": "BS",
        "phone_prefix_code": "+1 242"
    },
    {
        "id": 18,
        "name": "Bahrain",
        "iso": "BH",
        "phone_prefix_code": "+973"
    },
    {
        "id": 19,
        "name": "Bangladesh",
        "iso": "BD",
        "phone_prefix_code": "+880"
    },
    {
        "id": 20,
        "name": "Barbados",
        "iso": "BB",
        "phone_prefix_code": "+1246"
    },
    {
        "id": 21,
        "name": "Belarus",
        "iso": "BY",
        "phone_prefix_code": "+375"
    },
    {
        "id": 22,
        "name": "Belgium",
        "iso": "BE",
        "phone_prefix_code": "+32"
    },
    {
        "id": 23,
        "name": "Belize",
        "iso": "BZ",
        "phone_prefix_code": "+501"
    },
    {
        "id": 24,
        "name": "Benin",
        "iso": "BJ",
        "phone_prefix_code": "+229"
    },
    {
        "id": 25,
        "name": "Bermuda",
        "iso": "BM",
        "phone_prefix_code": "+1441"
    },
    {
        "id": 26,
        "name": "Bhutan",
        "iso": "BT",
        "phone_prefix_code": "+975"
    },
    {
        "id": 27,
        "name": "Bolivia",
        "iso": "BO",
        "phone_prefix_code": "+591"
    },
    {
        "id": 28,
        "name": "Bosnia and Herzegovina",
        "iso": "BA",
        "phone_prefix_code": "+387"
    },
    {
        "id": 29,
        "name": "Botswana",
        "iso": "BW",
        "phone_prefix_code": "+267"
    },
    {
        "id": 30,
        "name": "Bouvet Island",
        "iso": "BV",
        "phone_prefix_code": "+47"
    },
    {
        "id": 31,
        "name": "Brazil",
        "iso": "BR",
        "phone_prefix_code": "+55"
    },
    {
        "id": 32,
        "name": "British Indian Ocean Territory",
        "iso": "IO",
        "phone_prefix_code": "+246"
    },
    {
        "id": 33,
        "name": "Brunei",
        "iso": "BN",
        "phone_prefix_code": "+673"
    },
    {
        "id": 34,
        "name": "Bulgaria",
        "iso": "BG",
        "phone_prefix_code": "+359"
    },
    {
        "id": 35,
        "name": "Burkina Faso",
        "iso": "BF",
        "phone_prefix_code": "+226"
    },
    {
        "id": 36,
        "name": "Burundi",
        "iso": "BI",
        "phone_prefix_code": "+257"
    },
    {
        "id": 37,
        "name": "Cambodia",
        "iso": "KH",
        "phone_prefix_code": "+855"
    },
    {
        "id": 38,
        "name": "Cameroon",
        "iso": "CM",
        "phone_prefix_code": "+237"
    },
    {
        "id": 39,
        "name": "Canada",
        "iso": "CA",
        "phone_prefix_code": "+1"
    },
    {
        "id": 40,
        "name": "Cape Verde",
        "iso": "CV",
        "phone_prefix_code": "+238"
    },
    {
        "id": 41,
        "name": "Cayman Islands",
        "iso": "KY",
        "phone_prefix_code": "+1345"
    },
    {
        "id": 42,
        "name": "Central African Republic",
        "iso": "CF",
        "phone_prefix_code": "+236"
    },
    {
        "id": 43,
        "name": "Chad",
        "iso": "TD",
        "phone_prefix_code": "+235"
    },
    {
        "id": 44,
        "name": "Chile",
        "iso": "CL",
        "phone_prefix_code": "+56"
    },
    {
        "id": 45,
        "name": "China",
        "iso": "CN",
        "phone_prefix_code": "+86"
    },
    {
        "id": 46,
        "name": "Christmas Island",
        "iso": "CX",
        "phone_prefix_code": "+6189164"
    },
    {
        "id": 47,
        "name": "Cocos (Keeling) Islands",
        "iso": "CC",
        "phone_prefix_code": "+6189162"
    },
    {
        "id": 48,
        "name": "Colombia",
        "iso": "CO",
        "phone_prefix_code": "+57"
    },
    {
        "id": 49,
        "name": "Comoros",
        "iso": "KM",
        "phone_prefix_code": "+269"
    },
    {
        "id": 50,
        "name": "Congo",
        "iso": "CG",
        "phone_prefix_code": "+242"
    },
    {
        "id": 51,
        "name": "Democratic Republic of the Congo",
        "iso": "CD",
        "phone_prefix_code": "+243"
    },
    {
        "id": 52,
        "name": "Cook Islands",
        "iso": "CK",
        "phone_prefix_code": "+682"
    },
    {
        "id": 53,
        "name": "Costa Rica",
        "iso": "CR",
        "phone_prefix_code": "+506"
    },
    {
        "id": 54,
        "name": "Cote D'Ivoire (Ivory Coast)",
        "iso": "CI",
        "phone_prefix_code": "+225"
    },
    {
        "id": 55,
        "name": "Croatia",
        "iso": "HR",
        "phone_prefix_code": "+385"
    },
    {
        "id": 56,
        "name": "Cuba",
        "iso": "CU",
        "phone_prefix_code": "+53"
    },
    {
        "id": 57,
        "name": "Cyprus",
        "iso": "CY",
        "phone_prefix_code": "+357"
    },
    {
        "id": 58,
        "name": "Czech Republic",
        "iso": "CZ",
        "phone_prefix_code": "+420"
    },
    {
        "id": 59,
        "name": "Denmark",
        "iso": "DK",
        "phone_prefix_code": "+45"
    },
    {
        "id": 60,
        "name": "Djibouti",
        "iso": "DJ",
        "phone_prefix_code": "+253"
    },
    {
        "id": 61,
        "name": "Dominica",
        "iso": "DM",
        "phone_prefix_code": "+1767"
    },
    {
        "id": 62,
        "name": "Dominican Republic",
        "iso": "DO",
        "phone_prefix_code": "+1809"
    },
    {
        "id": 63,
        "name": "East Timor",
        "iso": "TL",
        "phone_prefix_code": "+670"
    },
    {
        "id": 64,
        "name": "Ecuador",
        "iso": "EC",
        "phone_prefix_code": "+593"
    },
    {
        "id": 65,
        "name": "Egypt",
        "iso": "EG",
        "phone_prefix_code": "+20"
    },
    {
        "id": 66,
        "name": "El Salvador",
        "iso": "SV",
        "phone_prefix_code": "+503"
    },
    {
        "id": 67,
        "name": "Equatorial Guinea",
        "iso": "GQ",
        "phone_prefix_code": "+240"
    },
    {
        "id": 68,
        "name": "Eritrea",
        "iso": "ER",
        "phone_prefix_code": "+291"
    },
    {
        "id": 69,
        "name": "Estonia",
        "iso": "EE",
        "phone_prefix_code": "+372"
    },
    {
        "id": 70,
        "name": "Ethiopia",
        "iso": "ET",
        "phone_prefix_code": "+251"
    },
    {
        "id": 71,
        "name": "Falkland Islands",
        "iso": "FK",
        "phone_prefix_code": "+500"
    },
    {
        "id": 72,
        "name": "Faroe Islands",
        "iso": "FO",
        "phone_prefix_code": "+298"
    },
    {
        "id": 73,
        "name": "Fiji Islands",
        "iso": "FJ",
        "phone_prefix_code": "+679"
    },
    {
        "id": 74,
        "name": "Finland",
        "iso": "FI",
        "phone_prefix_code": "+358"
    },
    {
        "id": 75,
        "name": "France",
        "iso": "FR",
        "phone_prefix_code": "+33"
    },
    {
        "id": 76,
        "name": "French Guiana",
        "iso": "GF",
        "phone_prefix_code": "+594"
    },
    {
        "id": 77,
        "name": "French Polynesia",
        "iso": "PF",
        "phone_prefix_code": "+689"
    },
    {
        "id": 78,
        "name": "French Southern Territories",
        "iso": "TF",
        "phone_prefix_code": "+594"
    },
    {
        "id": 79,
        "name": "Gabon",
        "iso": "GA",
        "phone_prefix_code": "+241"
    },
    {
        "id": 80,
        "name": "Gambia The",
        "iso": "GM",
        "phone_prefix_code": "+220"
    },
    {
        "id": 81,
        "name": "Georgia",
        "iso": "GE",
        "phone_prefix_code": "+995"
    },
    {
        "id": 82,
        "name": "Germany",
        "iso": "DE",
        "phone_prefix_code": "+49"
    },
    {
        "id": 83,
        "name": "Ghana",
        "iso": "GH",
        "phone_prefix_code": "+233"
    },
    {
        "id": 84,
        "name": "Gibraltar",
        "iso": "GI",
        "phone_prefix_code": "+350"
    },
    {
        "id": 85,
        "name": "Greece",
        "iso": "GR",
        "phone_prefix_code": "+30"
    },
    {
        "id": 86,
        "name": "Greenland",
        "iso": "GL",
        "phone_prefix_code": "+299"
    },
    {
        "id": 87,
        "name": "Grenada",
        "iso": "GD",
        "phone_prefix_code": "+1473"
    },
    {
        "id": 88,
        "name": "Guadeloupe",
        "iso": "GP",
        "phone_prefix_code": "+590"
    },
    {
        "id": 89,
        "name": "Guam",
        "iso": "GU",
        "phone_prefix_code": "+1 671"
    },
    {
        "id": 90,
        "name": "Guatemala",
        "iso": "GT",
        "phone_prefix_code": "+502"
    },
    {
        "id": 91,
        "name": "Guernsey and Alderney",
        "iso": "GG",
        "phone_prefix_code": "+441481"
    },
    {
        "id": 92,
        "name": "Guinea",
        "iso": "GN",
        "phone_prefix_code": "+224"
    },
    {
        "id": 93,
        "name": "Guinea-Bissau",
        "iso": "GW",
        "phone_prefix_code": "+245"
    },
    {
        "id": 94,
        "name": "Guyana",
        "iso": "GY",
        "phone_prefix_code": "+592"
    },
    {
        "id": 95,
        "name": "Haiti",
        "iso": "HT",
        "phone_prefix_code": "+509"
    },
    {
        "id": 96,
        "name": "Heard Island and McDonald Islands",
        "iso": "HM",
        "phone_prefix_code": "+672"
    },
    {
        "id": 97,
        "name": "Honduras",
        "iso": "HN",
        "phone_prefix_code": "+504"
    },
    {
        "id": 98,
        "name": "Hong Kong S.A.R.",
        "iso": "HK",
        "phone_prefix_code": "+852"
    },
    {
        "id": 99,
        "name": "Hungary",
        "iso": "HU",
        "phone_prefix_code": "+36"
    },
    {
        "id": 100,
        "name": "Iceland",
        "iso": "IS",
        "phone_prefix_code": "+354"
    },
    {
        "id": 101,
        "name": "India",
        "iso": "IN",
        "phone_prefix_code": "+91"
    },
    {
        "id": 102,
        "name": "Indonesia",
        "iso": "ID",
        "phone_prefix_code": "+62"
    },
    {
        "id": 103,
        "name": "Iran",
        "iso": "IR",
        "phone_prefix_code": "+98"
    },
    {
        "id": 104,
        "name": "Iraq",
        "iso": "IQ",
        "phone_prefix_code": "+964"
    },
    {
        "id": 105,
        "name": "Ireland",
        "iso": "IE",
        "phone_prefix_code": "+353"
    },
    {
        "id": 106,
        "name": "Israel",
        "iso": "IL",
        "phone_prefix_code": "+972"
    },
    {
        "id": 107,
        "name": "Italy",
        "iso": "IT",
        "phone_prefix_code": "+39"
    },
    {
        "id": 108,
        "name": "Jamaica",
        "iso": "JM",
        "phone_prefix_code": "+1658"
    },
    {
        "id": 109,
        "name": "Japan",
        "iso": "JP",
        "phone_prefix_code": "+81"
    },
    {
        "id": 110,
        "name": "Jersey",
        "iso": "JE",
        "phone_prefix_code": "+441534"
    },
    {
        "id": 111,
        "name": "Jordan",
        "iso": "JO",
        "phone_prefix_code": "+962"
    },
    {
        "id": 112,
        "name": "Kazakhstan",
        "iso": "KZ",
        "phone_prefix_code": "+76"
    },
    {
        "id": 113,
        "name": "Kenya",
        "iso": "KE",
        "phone_prefix_code": "+254"
    },
    {
        "id": 114,
        "name": "Kiribati",
        "iso": "KI",
        "phone_prefix_code": "+686"
    },
    {
        "id": 115,
        "name": "North Korea",
        "iso": "KP",
        "phone_prefix_code": "+850"
    },
    {
        "id": 116,
        "name": "South Korea",
        "iso": "KR",
        "phone_prefix_code": "+82"
    },
    {
        "id": 117,
        "name": "Kuwait",
        "iso": "KW",
        "phone_prefix_code": "+965"
    },
    {
        "id": 118,
        "name": "Kyrgyzstan",
        "iso": "KG",
        "phone_prefix_code": "+996"
    },
    {
        "id": 119,
        "name": "Laos",
        "iso": "LA",
        "phone_prefix_code": "+856"
    },
    {
        "id": 120,
        "name": "Latvia",
        "iso": "LV",
        "phone_prefix_code": "+371"
    },
    {
        "id": 121,
        "name": "Lebanon",
        "iso": "LB",
        "phone_prefix_code": "+961"
    },
    {
        "id": 122,
        "name": "Lesotho",
        "iso": "LS",
        "phone_prefix_code": "+266"
    },
    {
        "id": 123,
        "name": "Liberia",
        "iso": "LR",
        "phone_prefix_code": "+231"
    },
    {
        "id": 124,
        "name": "Libya",
        "iso": "LY",
        "phone_prefix_code": "+218"
    },
    {
        "id": 125,
        "name": "Liechtenstein",
        "iso": "LI",
        "phone_prefix_code": "+423"
    },
    {
        "id": 126,
        "name": "Lithuania",
        "iso": "LT",
        "phone_prefix_code": "+370"
    },
    {
        "id": 127,
        "name": "Luxembourg",
        "iso": "LU",
        "phone_prefix_code": "+352"
    },
    {
        "id": 128,
        "name": "Macau S.A.R.",
        "iso": "MO",
        "phone_prefix_code": "+853"
    },
    {
        "id": 129,
        "name": "Macedonia",
        "iso": "MK",
        "phone_prefix_code": "+389"
    },
    {
        "id": 130,
        "name": "Madagascar",
        "iso": "MG",
        "phone_prefix_code": "+261"
    },
    {
        "id": 131,
        "name": "Malawi",
        "iso": "MW",
        "phone_prefix_code": "+265"
    },
    {
        "id": 132,
        "name": "Malaysia",
        "iso": "MY",
        "phone_prefix_code": "+60"
    },
    {
        "id": 133,
        "name": "Maldives",
        "iso": "MV",
        "phone_prefix_code": "+960"
    },
    {
        "id": 134,
        "name": "Mali",
        "iso": "ML",
        "phone_prefix_code": "+223"
    },
    {
        "id": 135,
        "name": "Malta",
        "iso": "MT",
        "phone_prefix_code": "+356"
    },
    {
        "id": 136,
        "name": "Man (Isle of)",
        "iso": "IM",
        "phone_prefix_code": "+441624"
    },
    {
        "id": 137,
        "name": "Marshall Islands",
        "iso": "MH",
        "phone_prefix_code": "+692"
    },
    {
        "id": 138,
        "name": "Martinique",
        "iso": "MQ",
        "phone_prefix_code": "+596"
    },
    {
        "id": 139,
        "name": "Mauritania",
        "iso": "MR",
        "phone_prefix_code": "+222"
    },
    {
        "id": 140,
        "name": "Mauritius",
        "iso": "MU",
        "phone_prefix_code": "+230"
    },
    {
        "id": 141,
        "name": "Mayotte",
        "iso": "YT",
        "phone_prefix_code": "+262"
    },
    {
        "id": 142,
        "name": "Mexico",
        "iso": "MX",
        "phone_prefix_code": "+52"
    },
    {
        "id": 143,
        "name": "Micronesia",
        "iso": "FM",
        "phone_prefix_code": "+691"
    },
    {
        "id": 144,
        "name": "Moldova",
        "iso": "MD",
        "phone_prefix_code": "+373"
    },
    {
        "id": 145,
        "name": "Monaco",
        "iso": "MC",
        "phone_prefix_code": "+377"
    },
    {
        "id": 146,
        "name": "Mongolia",
        "iso": "MN",
        "phone_prefix_code": "+976"
    },
    {
        "id": 147,
        "name": "Montenegro",
        "iso": "ME",
        "phone_prefix_code": "+382"
    },
    {
        "id": 148,
        "name": "Montserrat",
        "iso": "MS",
        "phone_prefix_code": "+1664"
    },
    {
        "id": 149,
        "name": "Morocco",
        "iso": "MA",
        "phone_prefix_code": "+212"
    },
    {
        "id": 150,
        "name": "Mozambique",
        "iso": "MZ",
        "phone_prefix_code": "+258"
    },
    {
        "id": 151,
        "name": "Myanmar",
        "iso": "MM",
        "phone_prefix_code": "+95"
    },
    {
        "id": 152,
        "name": "Namibia",
        "iso": "NA",
        "phone_prefix_code": "+264"
    },
    {
        "id": 153,
        "name": "Nauru",
        "iso": "NR",
        "phone_prefix_code": "+674"
    },
    {
        "id": 154,
        "name": "Nepal",
        "iso": "NP",
        "phone_prefix_code": "+977"
    },
    {
        "id": 155,
        "name": "Bonaire, Sint Eustatius and Saba",
        "iso": "BQ",
        "phone_prefix_code": "+5997"
    },
    {
        "id": 156,
        "name": "Netherlands",
        "iso": "NL",
        "phone_prefix_code": "+31"
    },
    {
        "id": 157,
        "name": "New Caledonia",
        "iso": "NC",
        "phone_prefix_code": "+687"
    },
    {
        "id": 158,
        "name": "New Zealand",
        "iso": "NZ",
        "phone_prefix_code": "+64"
    },
    {
        "id": 159,
        "name": "Nicaragua",
        "iso": "NI",
        "phone_prefix_code": "+505"
    },
    {
        "id": 160,
        "name": "Niger",
        "iso": "NE",
        "phone_prefix_code": "+227"
    },
    {
        "id": 161,
        "name": "Nigeria",
        "iso": "NG",
        "phone_prefix_code": "+234"
    },
    {
        "id": 162,
        "name": "Niue",
        "iso": "NU",
        "phone_prefix_code": "+683"
    },
    {
        "id": 163,
        "name": "Norfolk Island",
        "iso": "NF",
        "phone_prefix_code": "+6723"
    },
    {
        "id": 164,
        "name": "Northern Mariana Islands",
        "iso": "MP",
        "phone_prefix_code": "+1670"
    },
    {
        "id": 165,
        "name": "Norway",
        "iso": "NO",
        "phone_prefix_code": "+47"
    },
    {
        "id": 166,
        "name": "Oman",
        "iso": "OM",
        "phone_prefix_code": "+968"
    },
    {
        "id": 167,
        "name": "Pakistan",
        "iso": "PK",
        "phone_prefix_code": "+92"
    },
    {
        "id": 168,
        "name": "Palau",
        "iso": "PW",
        "phone_prefix_code": "+680"
    },
    {
        "id": 169,
        "name": "Palestinian Territory Occupied",
        "iso": "PS",
        "phone_prefix_code": "+970"
    },
    {
        "id": 170,
        "name": "Panama",
        "iso": "PA",
        "phone_prefix_code": "+507"
    },
    {
        "id": 171,
        "name": "Papua new Guinea",
        "iso": "PG",
        "phone_prefix_code": "+675"
    },
    {
        "id": 172,
        "name": "Paraguay",
        "iso": "PY",
        "phone_prefix_code": "+595"
    },
    {
        "id": 173,
        "name": "Peru",
        "iso": "PE",
        "phone_prefix_code": "+51"
    },
    {
        "id": 174,
        "name": "Philippines",
        "iso": "PH",
        "phone_prefix_code": "+63"
    },
    {
        "id": 175,
        "name": "Pitcairn Island",
        "iso": "PN",
        "phone_prefix_code": "+64"
    },
    {
        "id": 176,
        "name": "Poland",
        "iso": "PL",
        "phone_prefix_code": "+48"
    },
    {
        "id": 177,
        "name": "Portugal",
        "iso": "PT",
        "phone_prefix_code": "+351"
    },
    {
        "id": 178,
        "name": "Puerto Rico",
        "iso": "PR",
        "phone_prefix_code": "+1 787"
    },
    {
        "id": 179,
        "name": "Qatar",
        "iso": "QA",
        "phone_prefix_code": "+974"
    },
    {
        "id": 180,
        "name": "Reunion",
        "iso": "RE",
        "phone_prefix_code": "+262"
    },
    {
        "id": 181,
        "name": "Romania",
        "iso": "RO",
        "phone_prefix_code": "+40"
    },
    {
        "id": 182,
        "name": "Russia",
        "iso": "RU",
        "phone_prefix_code": "+7"
    },
    {
        "id": 183,
        "name": "Rwanda",
        "iso": "RW",
        "phone_prefix_code": "+250"
    },
    {
        "id": 184,
        "name": "Saint Helena",
        "iso": "SH",
        "phone_prefix_code": "+290"
    },
    {
        "id": 185,
        "name": "Saint Kitts And Nevis",
        "iso": "KN",
        "phone_prefix_code": "+1869"
    },
    {
        "id": 186,
        "name": "Saint Lucia",
        "iso": "LC",
        "phone_prefix_code": "+1758"
    },
    {
        "id": 187,
        "name": "Saint Pierre and Miquelon",
        "iso": "PM",
        "phone_prefix_code": "+508"
    },
    {
        "id": 188,
        "name": "Saint Vincent And The Grenadines",
        "iso": "VC",
        "phone_prefix_code": "+1784"
    },
    {
        "id": 189,
        "name": "Saint-Barthelemy",
        "iso": "BL",
        "phone_prefix_code": "+590"
    },
    {
        "id": 190,
        "name": "Saint-Martin (French part)",
        "iso": "MF",
        "phone_prefix_code": "+590"
    },
    {
        "id": 191,
        "name": "Samoa",
        "iso": "WS",
        "phone_prefix_code": "+685"
    },
    {
        "id": 192,
        "name": "San Marino",
        "iso": "SM",
        "phone_prefix_code": "+378"
    },
    {
        "id": 193,
        "name": "Sao Tome and Principe",
        "iso": "ST",
        "phone_prefix_code": "+239"
    },
    {
        "id": 194,
        "name": "Saudi Arabia",
        "iso": "SA",
        "phone_prefix_code": "+966"
    },
    {
        "id": 195,
        "name": "Senegal",
        "iso": "SN",
        "phone_prefix_code": "+221"
    },
    {
        "id": 196,
        "name": "Serbia",
        "iso": "RS",
        "phone_prefix_code": "+381"
    },
    {
        "id": 197,
        "name": "Seychelles",
        "iso": "SC",
        "phone_prefix_code": "+248"
    },
    {
        "id": 198,
        "name": "Sierra Leone",
        "iso": "SL",
        "phone_prefix_code": "+232"
    },
    {
        "id": 199,
        "name": "Singapore",
        "iso": "SG",
        "phone_prefix_code": "+65"
    },
    {
        "id": 200,
        "name": "Slovakia",
        "iso": "SK",
        "phone_prefix_code": "+421"
    },
    {
        "id": 201,
        "name": "Slovenia",
        "iso": "SI",
        "phone_prefix_code": "+386"
    },
    {
        "id": 202,
        "name": "Solomon Islands",
        "iso": "SB",
        "phone_prefix_code": "+677"
    },
    {
        "id": 203,
        "name": "Somalia",
        "iso": "SO",
        "phone_prefix_code": "+252"
    },
    {
        "id": 204,
        "name": "South Africa",
        "iso": "ZA",
        "phone_prefix_code": "+27"
    },
    {
        "id": 205,
        "name": "South Georgia",
        "iso": "GS",
        "phone_prefix_code": "+500"
    },
    {
        "id": 206,
        "name": "South Sudan",
        "iso": "SS",
        "phone_prefix_code": "+211"
    },
    {
        "id": 207,
        "name": "Spain",
        "iso": "ES",
        "phone_prefix_code": "+34"
    },
    {
        "id": 208,
        "name": "Sri Lanka",
        "iso": "LK",
        "phone_prefix_code": "+94"
    },
    {
        "id": 209,
        "name": "Sudan",
        "iso": "SD",
        "phone_prefix_code": "+249"
    },
    {
        "id": 210,
        "name": "Suriname",
        "iso": "SR",
        "phone_prefix_code": "+597"
    },
    {
        "id": 211,
        "name": "Svalbard And Jan Mayen Islands",
        "iso": "SJ",
        "phone_prefix_code": "+4779"
    },
    {
        "id": 212,
        "name": "Swaziland",
        "iso": "SZ",
        "phone_prefix_code": "+268"
    },
    {
        "id": 213,
        "name": "Sweden",
        "iso": "SE",
        "phone_prefix_code": "+46"
    },
    {
        "id": 214,
        "name": "Switzerland",
        "iso": "CH",
        "phone_prefix_code": "+41"
    },
    {
        "id": 215,
        "name": "Syria",
        "iso": "SY",
        "phone_prefix_code": "+963"
    },
    {
        "id": 216,
        "name": "Taiwan",
        "iso": "TW",
        "phone_prefix_code": "+886"
    },
    {
        "id": 217,
        "name": "Tajikistan",
        "iso": "TJ",
        "phone_prefix_code": "+992"
    },
    {
        "id": 218,
        "name": "Tanzania",
        "iso": "TZ",
        "phone_prefix_code": "+255"
    },
    {
        "id": 219,
        "name": "Thailand",
        "iso": "TH",
        "phone_prefix_code": "+66"
    },
    {
        "id": 220,
        "name": "Togo",
        "iso": "TG",
        "phone_prefix_code": "+228"
    },
    {
        "id": 221,
        "name": "Tokelau",
        "iso": "TK",
        "phone_prefix_code": "+690"
    },
    {
        "id": 222,
        "name": "Tonga",
        "iso": "TO",
        "phone_prefix_code": "+676"
    },
    {
        "id": 223,
        "name": "Trinidad And Tobago",
        "iso": "TT",
        "phone_prefix_code": "+1868"
    },
    {
        "id": 224,
        "name": "Tunisia",
        "iso": "TN",
        "phone_prefix_code": "+216"
    },
    {
        "id": 225,
        "name": "Turkey",
        "iso": "TR",
        "phone_prefix_code": "+90"
    },
    {
        "id": 226,
        "name": "Turkmenistan",
        "iso": "TM",
        "phone_prefix_code": "+993"
    },
    {
        "id": 227,
        "name": "Turks And Caicos Islands",
        "iso": "TC",
        "phone_prefix_code": "+1649"
    },
    {
        "id": 228,
        "name": "Tuvalu",
        "iso": "TV",
        "phone_prefix_code": "+688"
    },
    {
        "id": 229,
        "name": "Uganda",
        "iso": "UG",
        "phone_prefix_code": "+256"
    },
    {
        "id": 230,
        "name": "Ukraine",
        "iso": "UA",
        "phone_prefix_code": "+380"
    },
    {
        "id": 231,
        "name": "United Arab Emirates",
        "iso": "AE",
        "phone_prefix_code": "+971"
    },
    {
        "id": 232,
        "name": "United Kingdom",
        "iso": "GB",
        "phone_prefix_code": "+44"
    },
    {
        "id": 233,
        "name": "United States",
        "iso": "US",
        "phone_prefix_code": "+1"
    },
    {
        "id": 234,
        "name": "United States Minor Outlying Islands",
        "iso": "UM",
        "phone_prefix_code": "+1"
    },
    {
        "id": 235,
        "name": "Uruguay",
        "iso": "UY",
        "phone_prefix_code": "+598"
    },
    {
        "id": 236,
        "name": "Uzbekistan",
        "iso": "UZ",
        "phone_prefix_code": "+998"
    },
    {
        "id": 237,
        "name": "Vanuatu",
        "iso": "VU",
        "phone_prefix_code": "+678"
    },
    {
        "id": 238,
        "name": "Vatican City State (Holy See)",
        "iso": "VA",
        "phone_prefix_code": "+3906698"
    },
    {
        "id": 239,
        "name": "Venezuela",
        "iso": "VE",
        "phone_prefix_code": "+58"
    },
    {
        "id": 240,
        "name": "Vietnam",
        "iso": "VN",
        "phone_prefix_code": "+84"
    },
    {
        "id": 241,
        "name": "Virgin Islands (British)",
        "iso": "VG",
        "phone_prefix_code": "+1"
    },
    {
        "id": 242,
        "name": "Virgin Islands (US)",
        "iso": "VI",
        "phone_prefix_code": "+1"
    },
    {
        "id": 243,
        "name": "Wallis And Futuna Islands",
        "iso": "WF",
        "phone_prefix_code": "+681"
    },
    {
        "id": 244,
        "name": "Western Sahara",
        "iso": "EH",
        "phone_prefix_code": "+212"
    },
    {
        "id": 245,
        "name": "Yemen",
        "iso": "YE",
        "phone_prefix_code": "+967"
    },
    {
        "id": 246,
        "name": "Zambia",
        "iso": "ZM",
        "phone_prefix_code": "+260"
    },
    {
        "id": 247,
        "name": "Zimbabwe",
        "iso": "ZW",
        "phone_prefix_code": "+263"
    },
    {
        "id": 248,
        "name": "Kosovo",
        "iso": "XK",
        "phone_prefix_code": "+383"
    },
    {
        "id": 249,
        "name": "Curaçao",
        "iso": "CW",
        "phone_prefix_code": "+5999"
    },
    {
        "id": 250,
        "name": "Sint Maarten (Dutch part)",
        "iso": "SX",
        "phone_prefix_code": "+1721"
    }
]